speciesname,latitude,longitude,recordedby,datefound,determinedby,lifestage,sex,notes,rights,rightsholder,sourcelink,gbif_link,locality
Melissodes baileyi,,,,,,,,,http://vertnet.org/resources/norms.html,,https://www.gbif.org/occurrence/4605043648,,
Melissodes baileyi,,,,,15650,,,,Not-for-profit use only,Texas A&M University,https://www.gbif.org/occurrence/4425573377,,"Gillespie, Texas, US"
Melissodes baileyi,,,,,15650,,,,Not-for-profit use only,Texas A&M University,https://www.gbif.org/occurrence/4424822388,,"Williamson, Texas, US"
Melissodes baileyi,,,,,15650,,,,Not-for-profit use only,Texas A&M University,https://www.gbif.org/occurrence/4424818735,,"Lavaca, Texas, US"
Melissodes baileyi,30.41889,-97.01139,R.H. Beamer,1953-04-14,,Adult,,,,,https://www.gbif.org/occurrence/3801942274,,"Lee, Texas, US"
Melissodes baileyi,30.2847,-96.863,R.H. Beamer,1953-04-14,,Adult,,,,,https://www.gbif.org/occurrence/3801940255,,"Lee, Texas, US"
Melissodes baileyi,30.1852,-97.0853,L.D. Beamer,1953-04-11,,Adult,,,,,https://www.gbif.org/occurrence/3801339288,,"Lee, Texas, US"
Melissodes baileyi,,,G. Birkman,1904-04-05,,,Female,,,,"(Laberge, 1956)",,"Lee, Texas, US"
Melissodes baileyi,,,L.D. Beamer,1953-04-17,,,Female,on Gaillardia suavis,,,"(Laberge, 1963)",,"Harper, Texas, US"
Melissodes baileyi,,,L.D. Beamer,1953-04-14,,,Female,on Callirhoe sp.,,,"(Laberge, 1963)",,"Lexington, Texas, US"
Melissodes baileyi,,,R.H. Beamer,1953-04-14,,,Male,on Callirhoe sp.,,,"(Laberge, 1963)",,"Lincoln, Texas, US"
Melissodes baileyi,,,J. E. Gilaspy,1903-04-06,,,Male,,,,"(Laberge, 1963)",,"Taylor, Texas, US"